CaseDate,CaseNo,Document,CaseUniqueID,IssueCR,IssueCI,OutcomeU_,OutcomeU,JudgeA,JudgeB,JudgeC,JudgeD,JudgeE,JudgeF,JudgeG,JudgeH,JudgeI,JudgeJ,JudgeK,JudgeL,JudgeM,JudgeN,JudgeO
2016-11-11,741,C,1,1,0,1,0,0,0,1,0,0,0,0,0,0,0,0,0,0,0,0
2016-11-11,741,C,2,1,0,1,0,0,0,1,1,0,0,0,0,0,0,1,0,0,0,0
2016-11-11,741,C,3,1,0,1,0,0,0,0,0,1,0,0,0,0,0,0,0,0,0,0
2016-11-11,741,C,4,1,0,1,0,0,0,0,0,0,0,0,0,0,0,0,0,0,0,1
2016-11-11,741,D,5,1,0,1,0,0,0,0,0,0,0,0,0,0,0,0,0,0,1,0
2016-11-11,741,PartialC,6,1,0,1,0,1,0,0,0,0,1,0,0,0,0,0,0,0,0,0
2016-12-09,742,C,7,1,0,1,0,0,0,1,0,0,0,0,0,0,0,0,0,0,0,0
2016-12-09,742,C,8,1,0,1,0,0,0,0,0,1,0,0,0,0,0,0,0,0,0,0
2016-12-09,742,C,9,1,0,1,0,0,0,0,0,0,0,0,1,0,0,0,0,0,0,0
2016-12-09,742,C,10,1,0,1,0,0,0,0,0,0,0,0,0,1,0,0,0,0,0,0
2016-12-09,742,C,11,1,0,1,0,0,0,0,0,0,0,0,0,0,1,0,0,1,0,0
2016-12-09,742,D,12,1,0,1,0,1,0,0,0,0,0,0,0,0,0,0,0,0,0,0
2016-12-09,742,PartialC,13,1,0,1,0,0,0,0,1,0,0,0,0,0,0,0,0,0,0,0
2016-12-09,742,PartialC,14,1,0,1,0,0,1,0,0,0,1,0,0,0,0,1,0,0,0,0
2016-12-09,742,PartialD,15,1,0,1,0,0,0,0,0,0,0,0,0,0,0,0,0,0,1,0
2016-12-30,743,C,16,0,0,0,0,0,0,0,0,1,0,0,0,0,0,0,0,0,0,0
2016-12-30,743,C,17,0,0,0,0,0,0,0,0,0,0,1,0,0,0,0,0,0,0,0
2016-12-30,743,C,18,0,0,0,0,0,0,0,0,0,0,0,0,1,0,0,0,0,0,0
2016-12-30,743,C,19,0,0,0,0,0,0,0,0,0,0,0,0,0,1,0,0,1,0,0
2016-12-30,743,C,20,0,0,0,0,0,0,0,0,0,0,0,0,0,0,0,0,0,0,1
2016-12-30,743,D,21,0,0,0,0,0,0,0,0,0,0,0,0,0,0,1,0,0,0,0
2016-12-30,743,D,22,0,0,0,0,0,0,0,0,0,0,0,0,0,0,0,0,0,1,0
2016-12-30,743,PartialCPartialD,23,0,0,0,0,1,0,0,0,0,0,0,0,0,0,0,0,0,0,0
2016-12-30,743,PartialCPartialD,24,0,0,0,0,0,0,1,0,0,0,0,0,0,0,0,0,0,0,0
2016-12-30,743,PartialD,25,0,0,0,0,0,1,1,0,0,1,0,0,0,0,0,0,0,0,0
2017-01-06,744,C,26,1,0,0,1,0,0,0,0,1,0,0,0,0,0,0,0,0,0,0
2017-01-06,744,C,27,1,0,0,1,0,0,0,0,0,1,0,0,0,0,0,0,0,0,0
2017-01-06,744,C,28,1,0,0,1,0,0,0,0,0,0,0,1,0,0,0,0,0,0,0
2017-01-06,744,C,29,1,0,0,1,0,0,0,0,0,0,0,0,1,0,0,0,0,0,0
2017-01-06,744,C,30,1,0,0,1,0,0,0,0,0,0,0,0,0,1,0,0,0,0,0
2017-01-06,744,C,31,1,0,0,1,0,0,0,0,0,0,0,0,0,0,0,1,0,0,0
2017-01-06,744,C,32,1,0,0,1,0,0,0,0,0,0,0,0,0,0,0,0,1,0,0
2017-01-06,744,C,33,1,0,0,1,0,0,0,0,0,0,0,0,0,0,0,0,0,0,1
2017-01-06,744,PartialC,34,1,0,0,1,0,0,1,0,0,0,0,0,0,0,0,0,0,0,0
2017-01-06,744,PartialC,35,1,0,0,1,0,0,0,1,0,0,0,0,0,0,0,0,0,0,0
2017-01-06,744,PartialD,36,1,0,0,1,1,0,0,0,0,0,0,0,0,0,1,0,0,0,0
2017-02-08,745,C,37,1,0,1,1,0,0,0,0,1,0,0,0,0,0,0,0,0,0,0
2017-02-08,745,C,38,1,0,1,1,0,0,0,0,0,0,0,0,1,0,0,0,0,0,0
2017-02-08,745,C,39,1,0,1,1,1,0,0,0,0,0,0,0,0,0,0,1,0,0,0
2017-02-08,745,C,40,1,0,1,1,0,0,0,0,0,0,0,0,0,0,0,0,1,0,0
2017-02-08,745,D,41,1,0,1,1,0,0,0,0,0,0,0,0,0,0,0,0,0,0,1
2017-02-08,745,PartialC,42,1,0,1,1,0,1,0,0,0,0,0,0,0,0,0,0,0,0,0
2017-02-08,745,PartialC,43,1,0,1,1,0,0,1,1,0,0,1,0,0,0,1,0,0,0,0
2017-02-08,745,PartialD,44,1,0,1,1,0,0,0,0,0,0,0,0,0,0,0,0,0,1,0
2017-02-24,746,C,45,1,0,1,1,0,0,1,0,0,0,0,0,0,0,0,0,0,0,0
2017-02-24,746,C,46,1,0,1,1,0,0,0,0,0,1,0,0,0,0,0,0,0,0,0
2017-02-24,746,C,47,1,0,1,1,0,1,1,0,0,0,0,0,1,0,0,1,0,0,0
2017-02-24,746,PartialCPartialD,48,1,0,1,1,0,0,0,1,0,0,0,0,0,0,0,0,0,0,0
2017-02-24,746,PartialCPartialD,49,1,0,1,1,0,0,0,0,0,0,0,0,0,1,0,0,0,0,0
2017-02-24,746,PartialCPartialD,50,1,0,1,1,0,0,0,0,0,0,0,0,0,0,0,0,0,0,1
2017-02-24,746,PartialD,51,1,0,1,1,0,0,0,0,1,0,0,0,0,0,0,0,0,0,0
2017-02-24,746,PartialD,52,1,0,1,1,0,0,0,1,0,0,0,0,0,1,1,0,0,0,0
2017-02-24,746,PartialD,53,1,0,1,1,0,0,0,0,0,0,0,0,0,0,0,0,1,0,0
2017-03-17,747,C,54,1,0,0,1,0,0,0,0,1,0,0,0,0,0,0,0,0,0,0
2017-03-17,747,C,55,1,0,0,1,0,0,0,0,0,0,0,0,1,0,0,0,0,0,0
2017-03-17,747,C,56,1,0,0,1,0,0,0,0,0,0,0,0,0,1,0,0,0,0,0
2017-03-17,747,C,57,1,0,0,1,0,0,0,0,0,0,0,0,0,0,0,0,1,0,0
2017-03-17,747,C,58,1,0,0,1,0,0,0,0,0,0,0,0,0,0,0,0,0,0,1
2017-03-17,747,D,59,1,0,0,1,0,0,0,0,0,0,0,0,0,0,0,0,0,1,0
2017-03-17,747,PartialC,60,1,0,0,1,0,0,1,0,0,0,0,0,0,0,0,0,0,0,0
2017-03-17,747,PartialC,61,1,0,0,1,0,0,0,1,0,0,0,0,0,0,0,0,0,0,0
2017-03-17,747,PartialC,62,1,0,0,1,0,0,0,0,0,1,0,0,0,0,0,0,0,0,0
2017-05-24,748,D,63,1,0,0,1,1,0,0,0,0,0,0,0,0,0,0,0,0,0,0
2017-05-24,748,PartialD,64,1,0,0,1,0,0,0,0,0,0,0,0,0,0,0,0,0,0,1
2017-06-02,749,C,65,1,0,0,1,0,0,0,0,1,0,0,0,0,0,0,0,0,0,0
2017-06-02,749,C,66,1,0,0,1,0,0,0,0,0,0,0,0,1,0,0,0,0,0,0
2017-06-02,749,C,67,1,0,0,1,0,0,0,0,0,0,0,0,0,0,0,0,1,0,0
2017-06-02,749,C,68,1,0,0,1,0,0,0,0,0,1,0,0,0,0,0,0,0,0,1
2017-06-02,749,PartialC,69,1,0,0,1,0,0,0,1,0,0,0,0,0,0,0,0,0,0,0
2017-06-02,749,PartialCPartialD,70,1,0,0,1,0,0,0,0,0,0,0,0,0,1,0,0,0,0,0
2017-07-07,750,C,71,1,0,1,0,0,0,0,0,1,0,0,0,0,0,0,0,0,0,0
2017-07-07,750,C,72,1,0,1,0,0,0,0,0,0,0,0,0,1,0,0,0,0,0,0
2017-07-07,750,C,73,1,0,1,0,0,0,0,0,0,0,0,0,0,1,0,0,0,0,0
2017-07-07,750,PartialC,74,1,0,1,0,0,0,0,0,0,0,0,0,0,0,0,0,0,0,1
2017-07-21,751,C,75,1,0,1,0,0,0,0,0,0,1,0,0,0,0,0,0,0,0,0
2017-07-21,751,C,76,1,0,1,0,0,0,0,0,0,0,0,0,0,0,0,0,0,1,0
2017-07-21,751,D,77,1,0,1,0,0,0,0,1,0,0,0,0,0,0,0,0,0,0,0
2017-07-21,751,D,78,1,0,1,0,0,0,0,0,1,0,0,0,0,0,0,0,0,0,0
2017-07-21,751,D,79,1,0,1,0,0,0,0,0,0,0,0,0,0,1,0,0,0,0,0
2017-07-21,751,D,80,1,0,1,0,0,0,0,0,0,0,0,0,0,0,0,0,1,0,0
2017-07-21,751,PartialC,81,1,0,1,0,0,1,0,0,0,0,0,0,0,0,0,0,0,0,0
2017-07-21,751,PartialCPartialD,82,1,0,1,0,0,0,0,0,0,0,0,0,0,0,0,0,0,0,1
2017-07-21,751,PartialD,83,1,0,1,0,0,0,0,0,0,0,0,0,0,0,1,0,0,0,0
2017-07-28,752,C,84,1,0,0,1,0,0,0,0,1,0,0,0,0,0,0,0,0,0,0
2017-07-28,752,C,85,1,0,0,1,0,0,0,0,0,0,0,0,1,0,0,0,0,0,0
2017-07-28,752,C,86,1,0,0,1,0,0,0,0,0,0,0,0,0,1,0,0,0,0,0
2017-07-28,752,C,87,1,0,0,1,0,0,0,0,0,0,0,0,0,0,0,0,1,0,0
2017-07-28,752,C,88,1,0,0,1,0,0,0,0,0,0,0,0,0,0,0,0,0,0,1
2017-07-28,752,PartialC,89,1,0,0,1,0,0,1,0,0,0,0,0,0,0,0,0,0,0,0
2017-07-28,752,PartialCPartialD,90,1,0,0,1,1,0,0,1,0,0,0,0,0,0,1,1,0,0,0
2017-07-28,752,PartialD,91,1,0,0,1,1,0,0,1,0,0,0,0,0,0,1,0,0,1,0
2017-10-06,753,C,92,1,0,1,0,1,0,0,0,0,0,0,0,0,0,0,0,0,0,0
2017-10-06,753,C,93,1,0,1,0,0,0,0,0,0,0,0,0,1,0,0,0,0,0,0
2017-10-06,753,C,94,1,0,1,0,0,0,0,0,0,0,0,0,0,0,0,0,1,0,0
2017-10-06,753,C,95,1,0,1,0,0,0,0,0,0,0,0,0,0,0,0,0,0,0,1
2017-10-06,753,D,96,1,0,1,0,0,0,0,0,0,0,0,0,0,0,1,0,0,0,0
2017-10-06,753,PartialC,97,1,0,1,0,0,1,0,0,0,0,0,0,0,0,0,0,0,0,0
2017-10-06,753,PartialC,98,1,0,1,0,0,0,1,0,0,0,0,0,0,0,0,0,0,0,0
2017-10-06,753,PartialCPartialD,99,1,0,1,0,0,0,0,1,0,0,0,0,0,0,0,0,0,0,0
2017-10-06,753,PartialD,100,1,0,1,0,0,0,0,0,1,0,0,0,0,0,0,0,0,0,0
2017-10-06,753,PartialD,101,1,0,1,0,0,0,0,0,0,0,0,0,0,1,0,0,0,0,0
2017-10-20,754,C,102,1,0,1,0,0,0,0,0,0,1,0,0,0,0,0,0,0,0,0
2017-10-20,754,C,103,1,0,1,0,0,0,1,0,0,0,0,0,1,0,1,1,0,0,0
2017-10-20,754,D,104,1,0,1,0,0,0,0,1,0,0,0,0,0,0,0,0,0,0,0
2017-10-20,754,D,105,1,0,1,0,0,0,0,0,1,0,0,0,0,0,0,0,0,0,0
2017-10-20,754,D,106,1,0,1,0,0,0,0,0,0,0,0,0,0,0,0,0,1,0,0
2017-10-20,754,D,107,1,0,1,0,0,0,0,0,0,0,0,0,0,0,0,0,0,0,1
2017-10-20,754,PartialC,108,1,0,1,0,0,0,0,0,0,0,0,0,0,1,0,0,0,0,0
2017-12-01,755,C,109,1,0,0,1,0,0,0,0,1,0,0,0,0,0,0,0,0,0,0
2017-12-01,755,C,110,1,0,0,1,0,0,0,0,0,0,0,1,0,0,0,0,0,0,0
2017-12-01,755,C,111,1,0,0,1,0,0,0,0,0,0,0,0,0,0,0,1,0,0,0
2017-12-01,755,C,112,1,0,0,1,0,0,0,0,0,0,0,0,0,0,0,0,1,0,0
2017-12-01,755,PartialC,113,1,0,0,1,0,0,1,0,0,0,0,0,0,0,0,0,0,0,0
2017-12-01,755,PartialC,114,1,0,0,1,0,0,0,1,0,0,0,0,0,0,1,0,0,0,0
2017-12-01,755,PartialC,115,1,0,0,1,0,0,0,0,0,1,0,0,0,0,0,0,0,0,0
2017-12-01,755,PartialCPartialD,116,1,0,0,1,0,0,0,0,0,0,0,0,1,0,0,0,0,0,0
2017-12-01,755,PartialCPartialD,117,1,0,0,1,0,0,0,0,0,0,0,0,0,0,0,0,0,0,1
2017-12-01,755,PartialD,118,1,0,0,1,0,0,0,0,0,0,0,0,0,0,0,0,0,1,0
2017-12-01,756,C,119,1,0,0,1,0,1,0,0,0,0,0,0,0,0,0,0,0,0,0
2017-12-01,756,C,120,1,0,0,1,0,0,0,0,1,0,0,0,0,0,0,0,0,0,0
2017-12-01,756,C,121,1,0,0,1,0,0,0,0,0,0,0,0,1,0,0,0,0,0,0
2017-12-01,756,C,122,1,0,0,1,0,0,0,0,0,0,0,0,0,0,0,0,1,0,0
2017-12-01,756,PartialC,123,1,0,0,1,0,0,1,1,0,0,0,0,0,0,0,0,0,0,0
2017-12-01,756,PartialC,124,1,0,0,1,0,0,0,0,0,1,0,0,0,0,0,0,0,0,0
2017-12-01,756,PartialC,125,1,0,0,1,0,0,0,0,0,0,1,0,0,0,0,0,0,0,0
2017-12-01,756,PartialCPartialD,126,1,0,0,1,0,0,0,0,0,0,0,0,0,0,0,1,0,0,0
2017-12-01,756,PartialCPartialD,127,1,0,0,1,0,0,0,0,0,0,0,0,0,0,0,0,0,1,0
2017-12-01,756,PartialD,128,1,0,0,1,0,0,0,0,0,0,0,0,0,1,0,0,0,0,0
2017-12-01,756,PartialD,129,1,0,0,1,0,0,0,0,0,0,0,0,0,0,1,0,0,0,0
2017-12-15,757,C,130,1,0,1,0,0,0,0,0,1,0,0,0,0,0,0,0,0,0,0
2017-12-15,757,C,131,1,0,1,0,0,0,0,0,0,0,0,0,1,0,0,0,0,0,0
2017-12-15,757,C,132,1,0,1,0,0,0,0,0,0,0,0,0,0,1,0,0,0,0,0
2017-12-15,757,C,133,1,0,1,0,0,0,0,0,0,0,0,0,0,0,1,0,0,0,0
2017-12-15,757,C,134,1,0,1,0,0,0,0,0,0,0,0,0,0,0,0,0,1,0,0
2017-12-15,757,D,135,1,0,1,0,0,0,0,0,0,0,1,0,0,0,0,0,0,0,1
2017-12-15,757,PartialC,136,1,0,1,0,0,0,1,0,0,0,0,0,0,0,0,0,0,0,0
2017-12-15,757,PartialC,137,1,0,1,0,0,0,0,1,0,0,0,0,0,0,0,0,0,0,0
2017-12-15,757,PartialD,138,1,0,1,0,1,1,0,0,0,1,0,0,0,0,0,0,0,0,0
2017-12-22,758,C,139,0,0,0,0,0,1,0,0,0,0,0,0,0,1,0,1,0,0,0
2017-12-22,758,C,140,0,0,0,0,0,0,1,0,0,0,0,0,0,0,0,0,0,0,0
2017-12-22,758,C,141,0,0,0,0,0,0,0,0,0,0,0,0,1,0,0,0,0,0,0
2017-12-22,758,C,142,0,0,0,0,0,0,0,0,0,0,0,0,0,1,1,0,0,0,0
2017-12-22,758,C,143,0,0,0,0,0,0,0,0,0,0,0,0,0,0,0,0,1,0,0
2017-12-22,758,D,144,0,0,0,0,0,0,0,0,1,0,0,0,0,0,0,0,0,0,0
2017-12-22,758,D,145,0,0,0,0,0,0,0,0,0,0,0,1,0,0,0,0,0,0,0
2017-12-22,758,D,146,0,0,0,0,0,0,0,0,0,0,0,0,0,0,0,0,0,0,1
2017-12-22,758,PartialC,147,0,0,0,0,0,0,0,1,0,0,0,0,0,0,0,0,0,0,0
2017-12-22,758,PartialD,148,0,0,0,0,0,0,0,0,0,1,0,0,0,0,0,0,0,0,0
2017-12-29,759,C,149,0,0,0,0,0,0,0,0,0,0,1,0,0,0,0,0,0,0,0
2017-12-29,759,C,150,0,0,0,0,0,0,0,0,0,0,0,0,1,0,0,0,0,0,0
2017-12-29,759,C,151,0,0,0,0,0,0,0,0,0,0,0,0,0,0,1,0,0,0,0
2017-12-29,759,C,152,0,0,0,0,0,0,0,0,0,0,0,0,0,1,0,0,1,0,0
2017-12-29,759,D,153,0,0,0,0,1,0,0,1,0,0,0,0,0,0,0,0,0,0,0
2018-01-26,760,C,154,1,0,0,1,0,0,1,0,0,0,0,0,0,0,0,0,0,0,0
2018-01-26,760,C,155,1,0,0,1,0,0,0,0,1,0,0,0,0,0,0,0,0,0,0
2018-01-26,760,C,156,1,0,0,1,0,0,0,0,0,0,0,0,1,0,0,0,0,0,0
2018-01-26,760,C,157,1,0,0,1,0,0,0,0,0,0,0,0,0,1,0,0,0,0,0
2018-01-26,760,C,158,1,0,0,1,0,0,0,0,0,0,0,0,0,0,1,0,0,0,0
2018-01-26,760,C,159,1,0,0,1,0,0,0,0,0,0,0,0,0,1,0,1,0,0,0
2018-01-26,760,C,160,1,0,0,1,0,0,0,0,0,0,0,0,0,0,0,0,1,0,0
2018-01-26,760,C,161,1,0,0,1,0,0,0,0,0,0,0,0,0,0,0,0,0,0,1
2018-01-26,760,D,162,1,0,0,1,1,0,0,0,0,0,0,0,0,0,0,0,0,0,0
2018-01-26,760,D,163,1,0,0,1,0,1,0,0,0,0,0,0,0,0,0,0,0,0,0
2018-01-26,760,D,164,1,0,0,1,0,0,0,0,0,1,0,0,0,0,0,0,0,0,0
2018-01-26,760,PartialC,165,1,0,0,1,0,0,0,1,0,0,0,0,0,1,0,0,0,0,0
2018-01-26,760,PartialD,166,1,0,0,1,0,0,0,0,0,0,0,0,0,0,0,0,0,1,0
2018-02-09,761,C,167,1,0,1,0,0,0,0,0,1,0,0,0,0,0,0,0,0,0,0
2018-02-09,761,C,168,1,0,1,0,0,0,0,0,0,0,0,0,0,1,0,0,0,0,0
2018-02-09,761,C,169,1,0,1,0,0,0,0,0,0,0,0,0,0,0,0,0,1,0,0
2018-02-09,761,PartialC,170,1,0,1,0,0,0,1,0,0,0,0,0,0,0,0,0,0,0,0
2018-02-09,761,PartialCPartialD,171,1,0,1,0,0,0,0,1,0,0,0,0,0,0,1,0,0,0,0
2018-03-09,762,C,172,1,0,0,1,0,0,1,0,0,0,0,0,0,0,0,0,0,0,0
2018-03-09,762,C,173,1,0,0,1,0,0,0,0,1,0,0,0,0,0,0,0,0,0,0
2018-03-09,762,C,174,1,0,0,1,0,0,0,0,0,0,0,0,1,0,0,0,0,0,0
2018-03-09,762,PartialC,175,1,0,0,1,0,0,0,1,0,0,0,0,0,0,0,0,0,0,0
2018-03-09,762,PartialC,176,1,0,0,1,0,0,0,0,0,1,0,0,0,0,0,0,0,0,1
2018-03-09,762,PartialCPartialD,177,1,0,0,1,0,0,0,0,0,0,0,0,0,0,0,0,1,0,0
2018-03-09,762,PartialCPartialD,178,1,0,0,1,0,0,0,0,0,0,0,0,0,0,0,0,0,0,1
2018-03-09,762,PartialD,179,1,0,0,1,1,0,0,0,0,0,0,0,0,0,0,0,0,0,0
2018-03-09,762,PartialD,180,1,0,0,1,0,0,0,0,0,0,0,0,0,1,0,0,0,0,1
2018-05-04,763,C,181,1,0,0,1,0,0,0,0,1,0,0,0,0,0,0,0,0,0,0
2018-05-04,763,C,182,1,0,0,1,0,0,0,0,0,0,0,0,1,0,0,0,0,0,0
2018-05-04,763,C,183,1,0,0,1,0,0,1,0,0,0,0,0,0,1,0,0,0,0,0
2018-05-04,763,C,184,1,0,0,1,0,0,0,0,0,0,0,0,0,0,1,0,0,0,0
2018-05-04,763,C,185,1,0,0,1,0,0,0,0,0,0,0,0,0,0,0,0,1,0,0
2018-05-04,763,D,186,1,0,0,1,1,0,0,0,0,0,0,0,0,0,0,0,0,0,0
2018-05-04,763,D,187,1,0,0,1,0,0,0,0,0,0,0,0,0,0,0,0,0,0,1
2018-05-04,763,PartialC,188,1,0,0,1,0,0,0,1,0,0,0,0,0,0,0,0,0,0,0
2018-05-04,763,PartialCPartialD,189,1,0,0,1,0,1,0,0,0,1,0,0,0,0,0,0,0,0,0
2018-05-25,764,C,190,1,0,1,0,0,1,0,0,0,0,0,0,0,0,0,0,0,0,0
2018-05-25,764,C,191,1,0,1,0,0,0,0,0,1,0,0,0,0,0,0,0,0,0,0
2018-05-25,764,C,192,1,0,1,0,0,0,0,0,0,0,0,0,1,0,0,0,0,0,0
2018-05-25,764,PartialC,193,1,0,1,0,0,0,0,0,0,1,0,0,0,0,0,0,0,0,0
2018-05-25,764,PartialD,194,1,0,1,0,0,0,0,1,0,0,0,0,0,0,0,0,0,0,0
2018-06-15,765,C,195,1,0,0,1,0,0,0,0,1,0,0,0,0,0,0,0,0,0,0
2018-06-15,765,C,196,1,0,0,1,0,0,0,0,0,0,0,0,1,0,0,0,0,0,0
2018-06-15,765,C,197,1,0,0,1,0,0,0,0,0,0,0,0,0,1,0,0,0,0,0
2018-06-15,765,C,198,1,0,0,1,0,0,0,0,0,0,0,0,0,0,0,1,0,0,0
2018-06-15,765,C,199,1,0,0,1,0,0,0,0,0,0,0,0,0,0,0,0,1,0,0
2018-06-15,765,D,200,1,0,0,1,0,1,1,1,0,1,0,0,0,0,0,0,0,1,0
2018-06-15,765,PartialD,201,1,0,0,1,0,0,0,0,0,0,0,0,0,0,0,0,0,0,1
2018-07-13,766,C,202,1,0,0,1,0,0,0,0,1,0,0,0,0,0,0,0,0,0,0
2018-07-13,766,C,203,1,0,0,1,0,0,0,0,0,0,0,0,1,0,0,0,0,0,0
2018-07-13,766,C,204,1,0,0,1,0,0,0,0,0,0,0,0,0,0,0,0,1,0,0
2018-07-13,766,C,205,1,0,0,1,0,0,1,0,0,0,0,0,0,0,0,0,0,1,0
2018-07-13,766,C,206,1,0,0,1,0,0,0,0,0,0,0,0,0,0,0,0,0,0,1
2018-07-13,766,PartialC,207,1,0,0,1,0,0,0,1,0,0,0,0,0,0,0,0,0,0,0
2018-07-13,766,PartialC,208,1,0,0,1,0,0,0,0,0,1,0,0,0,0,0,0,0,0,0
2018-07-13,766,PartialD,209,1,0,0,1,1,0,0,0,0,0,0,0,0,0,0,0,0,0,0
2018-07-27,767,C,210,1,0,1,0,0,0,0,0,0,0,0,1,0,0,0,0,0,0,0
2018-07-27,767,C,211,1,0,1,0,0,0,0,0,0,0,0,0,1,0,0,0,0,0,0
2018-07-27,767,C,212,1,0,1,0,0,0,0,0,0,0,0,0,0,0,0,1,0,0,0
2018-07-27,767,C,213,1,0,1,0,0,0,0,0,0,0,0,0,0,0,0,0,0,0,1
2018-07-27,767,D,214,1,0,1,0,0,0,0,1,0,0,0,0,0,0,0,0,0,0,0
2018-07-27,767,D,215,1,0,1,0,0,0,0,0,1,0,0,0,0,0,0,0,0,0,0
2018-07-27,767,D,216,1,0,1,0,0,0,0,0,0,0,0,0,0,1,0,0,0,0,0
2018-07-27,767,D,217,1,0,1,0,0,0,0,0,0,0,0,0,0,0,0,0,1,0,0
2018-07-27,767,PartialC,218,1,0,1,0,0,0,0,0,0,0,0,0,0,0,1,0,0,0,0
2018-07-27,767,PartialD,219,1,0,1,0,0,0,0,0,0,1,0,0,0,0,0,0,0,0,0
2018-10-05,768,C,220,1,0,1,0,0,0,0,0,1,0,0,0,0,0,0,0,0,0,0
2018-10-05,768,C,221,1,0,1,0,0,0,0,0,0,0,0,0,0,1,0,0,0,0,0
2018-10-05,768,C,222,1,0,1,0,0,0,0,0,0,0,0,0,0,0,0,0,1,0,0
2018-10-05,768,C,223,1,0,1,0,0,0,0,0,0,0,0,0,0,0,0,0,0,0,1
2018-10-05,768,PartialD,224,1,0,1,0,0,0,0,0,0,1,0,0,0,0,1,0,0,0,0
2018-10-05,768,PartialD,225,1,0,1,0,0,0,0,0,0,0,0,0,1,0,1,0,0,0,0
2018-11-09,769,C,226,0,1,1,0,0,1,0,0,0,0,0,0,0,0,0,0,0,0,0
2018-11-09,769,C,227,0,1,1,0,0,0,0,0,1,0,0,0,0,0,0,0,0,0,0
2018-11-09,769,C,228,0,1,1,0,0,0,0,0,0,0,0,0,1,0,0,0,0,0,0
2018-11-09,769,C,229,0,1,1,0,0,0,0,0,0,0,0,0,0,0,0,1,0,0,0
2018-11-09,769,C,230,0,1,1,0,0,0,0,0,0,0,0,0,0,0,0,0,1,0,0
2018-11-09,769,D,231,0,1,1,0,1,0,0,1,0,0,0,0,0,0,0,0,0,0,0
2018-11-09,769,PartialCPartialD,232,0,1,1,0,0,0,1,0,0,0,0,0,0,0,0,0,0,0,0
2018-11-09,769,PartialD,233,0,1,1,0,0,0,0,0,0,1,0,0,0,0,0,0,0,0,0
2018-11-09,769,PartialD,234,0,1,1,0,0,0,0,0,0,0,0,0,0,1,0,0,0,0,0
2018-11-30,770,C,235,1,0,0,1,0,0,0,0,1,0,0,0,0,0,0,0,0,0,0
2018-11-30,770,C,236,1,0,0,1,0,0,0,0,0,0,0,0,1,0,0,0,0,0,0
2018-11-30,770,C,237,1,0,0,1,0,0,0,0,0,0,0,0,0,0,0,0,1,0,0
2018-11-30,770,PartialC,238,1,0,0,1,0,0,0,1,0,0,0,0,0,0,0,0,0,0,0
2018-11-30,770,PartialC,239,1,0,0,1,0,0,0,0,0,1,0,0,0,0,0,0,0,0,0
2018-11-30,770,PartialCPartialD,240,1,0,0,1,0,0,0,0,0,0,0,0,0,0,1,0,0,0,0
2018-11-30,770,PartialD,241,1,0,0,1,0,0,0,0,0,0,0,0,0,0,0,0,0,0,1
2018-12-14,771,C,242,1,0,0,1,0,0,0,0,0,0,0,0,1,0,0,1,0,0,0
2018-12-14,771,C,243,1,0,0,1,0,0,0,0,0,0,0,0,0,1,0,0,0,0,0
2018-12-14,771,C,244,1,0,0,1,0,0,0,0,0,0,0,0,0,0,0,0,1,0,0
2018-12-14,771,PartialCPartialD,245,1,0,0,1,0,0,0,0,1,0,0,0,0,0,0,0,0,0,0
2018-12-14,771,PartialCPartialD,246,1,0,0,1,1,0,0,0,0,1,0,0,0,0,0,0,0,0,1
2018-12-14,771,PartialCPartialD,247,1,0,0,1,0,0,0,0,0,0,0,0,0,0,0,0,0,0,1
2018-12-14,771,PartialD,248,1,0,0,1,1,0,0,0,0,0,0,0,0,0,0,0,0,0,0
2018-12-14,771,PartialD,249,1,0,0,1,0,0,0,0,0,0,0,0,0,0,1,0,0,0,0
2018-12-28,772,C,250,0,0,0,0,0,0,1,0,0,0,0,0,0,0,0,0,0,0,0
2018-12-28,772,C,251,0,0,0,0,0,0,0,0,1,0,0,0,0,0,0,0,0,0,0
2018-12-28,772,C,252,0,0,0,0,0,0,0,0,0,0,0,0,0,1,0,0,0,0,0
2018-12-28,772,D,253,0,0,0,0,0,0,0,0,0,0,0,0,0,0,0,0,0,1,0
2018-12-28,772,D,254,0,0,0,0,0,0,0,0,0,1,0,0,0,0,0,0,0,0,1
2018-12-28,772,PartialCPartialD,255,0,0,0,0,0,0,0,0,0,0,0,0,0,0,0,0,1,0,0
2018-12-28,773,C,256,0,0,0,0,0,0,1,0,0,0,0,0,0,0,0,0,0,0,0
2018-12-28,773,C,257,0,0,0,0,0,0,0,0,1,0,0,0,0,0,0,0,0,0,0
2018-12-28,773,C,258,0,0,0,0,0,0,0,0,0,0,0,0,0,1,0,0,0,0,0
2018-12-28,773,C,259,0,0,0,0,0,0,0,0,0,0,0,0,0,0,0,0,1,0,0
2018-12-28,773,C,260,0,0,0,0,0,0,0,0,0,0,0,0,0,0,0,0,0,1,0
2018-12-28,773,D,261,0,0,0,0,0,0,0,0,0,1,0,0,0,0,0,0,0,0,1
2019-01-11,774,C,262,1,0,1,0,0,0,1,0,0,0,0,0,0,0,0,0,0,0,0
2019-01-11,774,C,263,1,0,1,0,0,0,0,0,1,0,0,0,0,0,0,0,0,0,0
2019-01-11,774,C,264,1,0,1,0,0,0,0,0,0,1,0,0,0,0,0,0,0,0,1
2019-01-11,774,C,265,1,0,1,0,0,0,0,0,0,0,0,0,1,0,0,0,0,0,0
2019-01-11,774,C,266,1,0,1,0,0,0,0,0,0,0,0,0,0,1,0,0,0,0,0
2019-01-11,774,C,267,1,0,1,0,0,0,0,0,0,0,0,0,0,0,0,0,1,0,0
2019-01-11,774,C,268,1,0,1,0,0,0,0,0,0,0,0,0,0,0,0,0,0,0,1
2019-01-11,774,D,269,1,0,1,0,0,1,0,0,0,0,0,0,0,0,0,0,0,0,0
2019-01-11,774,D,270,1,0,1,0,1,0,0,0,0,0,0,0,0,0,0,0,0,1,0
2019-01-11,774,PartialC,271,1,0,1,0,0,0,0,1,0,0,0,0,0,0,0,0,0,0,0
2019-02-22,775,C,272,1,0,0,1,0,0,1,0,0,0,1,0,0,0,0,0,0,0,0
2019-02-22,775,C,273,1,0,0,1,0,0,0,0,1,0,0,0,0,0,0,0,0,0,0
2019-02-22,775,C,274,1,0,0,1,0,0,0,0,0,0,0,0,1,0,0,1,0,0,0
2019-02-22,775,C,275,1,0,0,1,0,0,0,0,0,0,0,0,1,0,0,1,0,0,0
2019-02-22,775,C,276,1,0,0,1,0,0,0,0,0,0,0,0,0,0,0,0,1,0,0
2019-02-22,775,C,277,1,0,0,1,0,0,0,0,0,0,0,0,0,0,0,0,0,0,1
2019-02-22,775,PartialC,278,1,0,0,1,0,0,0,0,0,1,0,0,0,0,0,0,0,0,0
2019-02-22,775,PartialD,279,1,0,0,1,1,0,0,0,0,0,0,0,0,0,0,0,0,0,0
2019-02-22,775,PartialD,280,1,0,0,1,0,0,0,1,0,0,0,0,0,0,1,0,0,0,0
2019-02-22,775,PartialD,281,1,0,0,1,0,0,0,0,0,0,0,0,0,1,0,0,0,0,0
2019-02-22,775,PartialD,282,1,0,0,1,0,0,0,0,0,0,0,0,0,0,1,0,0,1,0
2019-04-12,776,C,283,1,0,0,1,0,0,1,0,0,0,0,0,0,0,0,0,0,0,0
2019-04-12,776,C,284,1,0,0,1,0,0,0,0,1,0,0,0,0,0,0,0,0,0,0
2019-04-12,776,C,285,1,0,0,1,0,0,0,0,0,0,0,0,1,0,0,0,0,0,0
2019-04-12,776,C,286,1,0,0,1,0,0,0,0,0,0,0,0,0,0,0,0,1,0,0
2019-04-12,776,C,287,1,0,0,1,0,0,0,0,0,0,0,0,0,0,0,0,0,0,1
2019-04-12,776,PartialC,288,1,0,0,1,0,0,0,1,0,0,0,0,0,0,0,0,0,0,0
2019-04-12,776,PartialD,289,1,0,0,1,0,0,0,0,0,1,0,0,0,0,0,0,0,0,0
2019-05-31,777,C,290,1,0,0,1,0,0,0,0,0,1,0,0,0,0,0,0,0,0,1
2019-05-31,777,C,291,1,0,0,1,0,0,0,0,0,0,1,0,0,0,0,0,0,0,0
2019-05-31,777,C,292,1,0,0,1,0,0,0,0,0,0,0,0,1,0,0,0,0,0,0
2019-05-31,777,C,293,1,0,0,1,0,0,0,0,0,0,0,0,0,0,0,1,0,0,0
2019-05-31,777,C,294,1,0,0,1,0,0,0,0,0,0,0,0,0,0,0,0,1,0,0
2019-05-31,777,C,295,1,0,0,1,0,0,0,0,0,0,0,0,0,0,0,0,0,0,1
2019-05-31,777,PartialC,296,1,0,0,1,0,0,0,0,0,0,0,1,0,0,0,0,0,0,1
2019-05-31,777,PartialCPartialD,297,1,0,0,1,0,0,1,0,0,0,0,0,0,0,0,0,0,1,0
2019-05-31,777,PartialCPartialD,298,1,0,0,1,0,0,1,1,0,0,0,0,0,0,0,0,0,0,0
2019-05-31,777,PartialCPartialD,299,1,0,0,1,0,0,0,0,1,0,0,0,0,0,0,0,0,0,1
2019-05-31,777,PartialCPartialD,300,1,0,0,1,0,0,0,0,0,0,0,0,0,1,0,0,0,0,1
2019-05-31,777,PartialD,301,1,0,0,1,1,0,0,0,0,0,0,0,0,0,0,0,0,0,0
2019-05-31,777,PartialD,302,1,0,0,1,0,0,0,0,0,0,0,0,0,0,1,0,0,0,0
2019-05-31,777,PartialD,303,1,0,0,1,0,0,1,0,0,0,0,0,0,0,0,0,0,1,0
2019-06-14,778,C,304,1,0,1,1,0,0,0,0,1,0,0,0,0,0,0,0,0,0,0
2019-06-14,778,C,305,1,0,1,1,0,0,0,0,0,0,0,0,1,0,0,0,0,0,0
2019-06-14,778,C,306,1,0,1,1,0,0,0,0,0,0,0,0,0,1,0,0,0,0,0
2019-06-14,778,PartialCPartialD,307,1,0,1,1,0,0,0,0,0,0,0,0,0,0,0,0,0,0,1
2019-06-14,778,PartialD,308,1,0,1,1,0,0,0,0,0,1,0,0,0,0,0,0,0,0,0
2019-06-14,778,PartialD,309,1,0,1,1,0,0,0,0,0,0,0,0,0,0,0,1,0,0,0
2019-06-14,778,PartialD,310,1,0,1,1,1,0,1,0,0,0,0,0,0,0,0,0,0,1,0
2019-07-05,779,C,311,1,0,0,1,0,0,0,0,1,0,0,0,0,0,0,0,0,0,0
2019-07-05,779,C,312,1,0,0,1,0,0,0,0,0,1,0,0,0,0,0,0,0,0,0
2019-07-05,779,PartialCPartialD,313,1,0,0,1,0,0,1,1,0,0,0,0,0,0,0,0,0,0,0
2019-07-05,779,PartialCPartialD,314,1,0,0,1,0,0,0,0,0,0,0,0,0,0,0,0,0,0,1
2019-07-05,779,PartialD,315,1,0,0,1,0,0,0,0,0,0,0,0,0,0,0,0,1,0,0
2019-07-26,780,C,316,1,0,1,0,0,0,0,0,0,0,0,0,0,0,0,0,1,0,0
2019-07-26,780,PartialC,317,1,0,1,0,0,0,0,0,1,0,0,0,0,0,0,0,0,0,1
2019-07-26,780,PartialC,318,1,0,1,0,0,0,0,0,0,1,0,0,0,0,0,0,0,0,1
2019-08-23,781,C,319,1,0,0,1,0,1,0,0,0,0,0,0,0,0,0,0,0,0,0
2019-08-23,781,C,320,1,0,0,1,0,0,0,0,1,0,0,0,0,0,0,0,0,0,0
2019-08-23,781,C,321,1,0,0,1,0,0,0,0,0,0,0,0,0,1,0,0,0,0,0
2019-08-23,781,PartialCPartialD,322,1,0,0,1,0,0,0,0,0,0,0,0,1,0,0,0,0,0,0
2019-08-23,781,PartialCPartialD,323,1,0,0,1,0,0,0,0,0,0,0,0,0,0,0,0,0,0,1
2019-08-23,781,PartialD,324,1,0,0,1,1,0,0,0,0,0,0,0,0,0,0,0,0,0,0
2019-08-23,781,PartialD,325,1,0,0,1,0,0,1,0,0,0,0,0,0,0,0,0,0,0,0
2019-08-23,781,PartialD,326,1,0,0,1,0,0,0,1,0,0,0,0,0,0,0,0,0,0,0
2019-08-23,781,PartialD,327,1,0,0,1,0,0,0,0,0,0,0,0,0,0,0,0,0,1,0
2019-08-23,782,C,328,1,0,0,1,0,0,0,0,1,0,0,0,0,0,0,0,0,0,0
2019-08-23,782,C,329,1,0,0,1,0,0,0,0,0,0,0,0,0,1,0,0,0,0,0
2019-08-23,782,PartialCPartialD,330,1,0,0,1,0,1,0,0,0,0,0,0,0,1,0,0,0,0,0
2019-08-23,782,PartialCPartialD,331,1,0,0,1,0,0,0,0,0,1,0,0,0,0,0,0,0,0,0
2019-08-23,782,PartialCPartialD,332,1,0,0,1,0,0,0,0,0,0,0,0,1,0,0,0,0,0,0
2019-08-23,782,PartialCPartialD,333,1,0,0,1,0,0,0,0,0,0,0,0,0,0,0,0,0,0,1
2019-08-23,782,PartialD,334,1,0,0,1,1,0,0,0,0,0,0,0,0,0,0,0,0,0,0
2019-08-23,782,PartialD,335,1,0,0,1,0,0,1,0,0,0,0,0,0,0,0,0,0,0,0
2019-08-23,782,PartialD,336,1,0,0,1,0,0,0,1,0,0,0,0,0,0,0,0,0,0,0
2019-08-23,782,PartialD,337,1,0,0,1,0,0,0,0,0,0,0,0,0,0,0,0,0,1,0
2019-08-23,783,C,338,1,0,0,1,0,0,0,0,1,0,0,0,0,0,0,0,0,0,0
2019-08-23,783,C,339,1,0,0,1,0,0,0,0,0,0,0,0,0,1,0,0,0,0,0
2019-08-23,783,C,340,1,0,0,1,0,0,0,0,0,0,0,0,1,0,0,1,0,0,0
2019-08-23,783,PartialCPartialD,341,1,0,0,1,0,0,0,0,0,0,0,0,0,0,0,0,0,0,1
2019-08-23,783,PartialD,342,1,0,0,1,1,0,0,0,0,0,0,0,0,0,0,0,0,0,0
2019-08-23,783,PartialD,343,1,0,1,0,0,0,1,0,0,0,0,0,0,0,0,0,0,0,0
2019-08-23,783,PartialD,344,1,0,0,1,0,0,0,0,0,0,0,0,0,0,0,0,0,1,0
